,Geo_ID,Year,Geographic Area Name,"Estimate VALUE Less than $50,000","Estimate VALUE $50,000 to $99,999","Estimate VALUE $100,000 to $149,999","Estimate VALUE $150,000 to $199,999","Estimate VALUE $200,000 to $299,999","Estimate VALUE $300,000 to $499,999","Estimate VALUE $500,000 to $999,999","Estimate VALUE $1,000,000 or more",Estimate VALUE Median (dollars),"Estimate VALUE Less than $150,000","Estimate VALUE $150,000 to $299,999"
0,1,2012,United States,6784356,12100148,12245474,11370120,13393416,11068593,5696677,1460472,171900,31129978,24763536
1,1000,2012,Abilene ,4654,7085,4910,3475,1338,645,71,0,95300,16649,4813
2,1924,2012,Allen ,80,425,3321,6738,5524,3323,1345,286,199600,3826,12262
3,3000,2012,Amarillo ,5144,13317,13526,6681,4093,1670,571,102,115000,31987,10774
4,4000,2012,Arlington ,3302,16210,26830,13884,9746,2086,860,79,129100,46342,23630
5,4462,2012,"Atascocita CDP, Texas",219,1220,6520,5167,2166,704,143,547,153200,7959,7333
6,5000,2012,Austin ,4958,9788,21964,28202,36019,31138,12179,3510,222100,36710,64221
7,6128,2012,Baytown ,2764,7097,3332,1660,1114,152,50,27,91700,13193,2774
8,7000,2012,Beaumont ,5510,7369,4731,3522,2555,1353,240,236,99300,17610,6077
9,10768,2012,Brownsville ,7074,15141,4133,2805,1956,935,237,50,78100,26348,4761
10,10912,2012,Bryan ,1791,3392,3778,1553,1445,302,49,247,114800,8961,2998
11,13024,2012,Carrollton ,610,2118,7649,7736,6742,1866,483,182,167500,10377,14478
12,15976,2012,College Station ,187,392,2809,5146,3380,1387,488,0,180600,3388,8526
13,17000,2012,Corpus Christi ,6325,19485,17869,9161,6056,2471,792,121,113900,43679,15217
14,19000,2012,Dallas ,19404,55184,31755,19631,25884,27519,12073,4911,133200,106343,45515
15,19972,2012,Denton ,1380,2815,7468,4337,2798,964,306,0,139500,11663,7135
16,22660,2012,Edinburg ,3171,4302,4808,2124,1066,529,0,0,104800,12281,3190
17,24000,2012,El Paso ,6841,38347,43829,20199,11697,4922,1771,498,117600,89017,31896
18,26232,2012,"Flower Mound town, Texas",326,334,1007,2339,6985,5981,1596,93,277900,1667,9324
19,27000,2012,Fort Worth ,16844,46451,41175,22661,15244,6462,2940,610,115400,104470,37905
20,27684,2012,Frisco ,153,629,1648,7329,11352,8700,2330,399,247000,2430,18681
21,29000,2012,Garland ,1294,17392,17181,5643,4757,912,67,0,111700,35867,10400
22,30464,2012,Grand Prairie ,2577,9008,11805,6890,4484,824,80,149,127500,23390,11374
23,32372,2012,Harlingen ,3128,5083,2190,943,652,161,120,0,75000,10401,1595
24,35000,2012,Houston ,25598,99442,72541,42546,42037,35178,18955,7605,124600,197581,84583
25,37000,2012,Irving ,1287,7439,7767,4740,4723,4009,553,37,139200,16493,9463
26,39148,2012,Killeen ,1545,7563,6979,4434,1983,215,35,59,114300,16087,6417
27,41464,2012,Laredo ,3511,14119,11493,6926,2957,1268,261,93,109800,29123,9883
28,41980,2012,League City ,892,1782,7333,7020,5497,1855,376,0,161800,10007,12517
29,42508,2012,Lewisville ,944,1638,4917,6395,2933,147,0,30,156400,7499,9328
30,43888,2012,Longview ,2336,4404,3680,2660,1767,877,106,106,114500,10420,4427
31,45000,2012,Lubbock ,5923,15107,13163,5473,4810,2170,415,68,108600,34193,10283
32,45384,2012,McAllen ,2042,7861,7536,3428,1687,1045,233,323,114800,17439,5115
33,45744,2012,McKinney ,588,1193,6034,9007,9423,4458,1264,142,194900,7815,18430
34,47892,2012,Mesquite ,1630,10715,9638,3342,1609,58,34,86,105400,21983,4951
35,48072,2012,Midland ,2983,4852,4065,5541,5274,2652,624,0,158900,11900,10815
36,48768,2012,Mission ,2905,6907,2706,1819,1834,462,272,0,90700,12518,3653
37,48804,2012,Missouri City ,248,3659,4153,5448,5375,1406,198,175,163000,8060,10823
38,52356,2012,North Richland Hills ,403,2888,5774,3292,1966,1731,88,0,140300,9065,5258
39,53388,2012,Odessa ,3747,7772,6129,3461,2460,1019,358,0,106400,17648,5921
40,56000,2012,Pasadena ,3347,9638,5948,3863,2512,832,115,41,101000,18933,6375
41,56348,2012,Pearland ,277,641,6247,9168,7304,1129,182,0,176600,7165,16472
42,57200,2012,Pharr ,3547,5989,1636,877,274,88,0,0,73800,11172,1151
43,58016,2012,Plano ,662,2656,10642,15068,19607,11095,3293,991,212600,13960,34675
44,61796,2012,Richardson ,207,1490,4785,8296,6367,2995,276,0,184700,6482,14663
45,63500,2012,Round Rock ,154,854,6252,5112,4186,2676,157,0,167600,7260,9298
46,64472,2012,San Angelo ,3604,6269,4678,3559,1366,654,135,0,102900,14551,4925
47,65000,2012,San Antonio ,28358,87317,59606,40710,30300,12574,4634,869,112300,175281,71010
48,70808,2012,Sugar Land ,43,316,2889,2966,6129,6810,1879,446,271400,3248,9095
49,72176,2012,Temple ,811,4294,5098,2413,948,583,50,0,118100,10203,3361
50,72656,2012,"The Woodlands CDP, Texas",294,1089,3615,3746,6562,8857,4083,436,280200,4998,10308
51,74144,2012,Tyler ,1678,5754,4652,2986,2355,1881,795,0,125000,12084,5341
52,76000,2012,Waco ,4729,7543,4292,2826,1809,885,0,0,89700,16564,4635
53,79000,2012,Wichita Falls ,4020,7485,3969,3500,1248,421,237,14,93500,15474,4748
54,1,2013,United States,7460862,11528358,11684610,11051448,13228396,11362403,5969759,1558025,173900,30673830,24279844
55,1000,2013,Abilene ,4473,9028,4967,2534,1733,1148,99,0,89700,18468,4267
56,1924,2013,Allen ,492,1446,3123,6208,6356,4480,1123,0,204400,5061,12564
57,3000,2013,Amarillo ,5655,12060,12402,7367,5204,1603,574,334,118800,30117,12571
58,4000,2013,Arlington ,4352,15926,28219,15830,8741,2812,489,243,129400,48497,24571
59,4462,2013,"Atascocita CDP, Texas",313,2356,4908,4206,2534,1082,199,0,152100,7577,6740
60,5000,2013,Austin ,7037,8380,20529,26432,39959,36711,15025,3570,234800,35946,66391
61,6128,2013,Baytown ,2792,6127,3380,2270,963,247,0,107,92800,12299,3233
62,7000,2013,Beaumont ,5580,7898,6122,2723,2383,1766,201,62,99300,19600,5106
63,10768,2013,Brownsville ,6104,12774,5980,2737,1924,1378,40,103,85400,24858,4661
64,10912,2013,Bryan ,2217,3048,3548,2641,1112,131,235,0,113800,8813,3753
65,13024,2013,Carrollton ,561,2473,7765,8378,6974,1632,143,0,167600,10799,15352
66,15976,2013,College Station ,459,506,2930,3272,2242,1712,346,43,174900,3895,5514
67,17000,2013,Corpus Christi ,8229,20737,16108,10073,6422,2442,874,456,110700,45074,16495
68,19000,2013,Dallas ,21492,59362,29983,15783,27232,26514,14994,5808,127000,110837,43015
69,19972,2013,Denton ,1763,2533,5730,5176,3545,1625,441,32,153100,10026,8721
70,22660,2013,Edinburg ,1591,4929,3795,1667,993,190,78,68,101500,10315,2660
71,24000,2013,El Paso ,9450,38115,43382,19184,11696,5104,1849,407,116500,90947,30880
72,26232,2013,"Flower Mound town, Texas",517,180,1375,3708,7310,5509,1930,51,265300,2072,11018
73,27000,2013,Fort Worth ,15875,41605,41822,24668,15576,8647,3573,1140,120100,99302,40244
74,27684,2013,Frisco ,758,394,954,4952,11791,9797,3404,592,278400,2106,16743
75,29000,2013,Garland ,1945,15712,16042,5897,4850,1044,412,72,112200,33699,10747
76,30464,2013,Grand Prairie ,2669,8431,12941,7875,4298,848,41,0,125100,24041,12173
77,32372,2013,Harlingen ,2346,6201,2061,1138,1133,416,323,0,86900,10608,2271
78,35000,2013,Houston ,31612,100759,69442,37830,42110,39429,22467,6962,125700,201813,79940
79,37000,2013,Irving ,2202,6758,7761,4297,3715,3931,803,137,131200,16721,8012
80,39148,2013,Killeen ,1200,5170,7088,4640,2080,297,56,56,125100,13458,6720
81,41464,2013,Laredo ,5530,13036,11756,6524,3793,1336,533,0,110300,30322,10317
82,41980,2013,League City ,180,699,5603,7014,5935,2428,1199,0,185100,6482,12949
83,42508,2013,Lewisville ,1422,1238,4577,5672,2414,373,0,30,154400,7237,8086
84,43888,2013,Longview ,2378,3208,4110,3774,1449,709,443,39,127800,9696,5223
85,45000,2013,Lubbock ,7035,15858,11787,6494,4245,2918,621,0,106400,34680,10739
86,45384,2013,McAllen ,2107,7871,7163,3370,2937,798,397,130,114700,17141,6307
87,45744,2013,McKinney ,1477,850,4974,9342,7452,6713,1078,58,196400,7301,16794
88,47892,2013,Mesquite ,1685,9680,10515,3286,1377,0,135,89,108600,21880,4663
89,48072,2013,Midland ,2059,3810,4724,6017,4465,3643,1031,195,168100,10593,10482
90,48768,2013,Mission ,3719,5858,2636,1949,1825,691,248,0,88700,12213,3774
91,48804,2013,Missouri City ,425,2808,4294,3948,4267,1443,412,0,164100,7527,8215
92,52356,2013,North Richland Hills ,409,2499,3769,4180,2544,1701,98,0,158400,6677,6724
93,53388,2013,Odessa ,3466,7246,5321,3976,2030,507,149,148,105400,16033,6006
94,56000,2013,Pasadena ,3363,9543,4739,3737,2795,657,31,0,98100,17645,6532
95,56348,2013,Pearland ,1284,528,5421,8754,7917,2760,0,42,180200,7233,16671
96,57200,2013,Pharr ,-999999999,-999999999,-999999999,-999999999,-999999999,-999999999,-999999999,-999999999,73700,-2999999997,-1999999998
97,58016,2013,Plano ,1764,2391,8953,12689,18075,14368,4026,843,226500,13108,30764
98,61796,2013,Richardson ,624,1054,4110,6103,7850,2924,335,244,197800,5788,13953
99,63500,2013,Round Rock ,397,801,7095,6330,6103,2335,387,0,170800,8293,12433
100,64472,2013,San Angelo ,3572,6601,5809,3035,2654,664,429,143,109000,15982,5689
101,65000,2013,San Antonio ,27725,83375,60521,40562,29168,14823,5301,781,115600,171621,69730
102,70808,2013,Sugar Land ,612,291,3303,3078,6119,6323,2501,122,265300,4206,9197
103,72176,2013,Temple ,969,3464,4613,2226,1899,491,186,37,122400,9046,4125
104,72656,2013,"The Woodlands CDP, Texas",461,106,2091,3713,5196,10392,3894,564,328400,2658,8909
105,74144,2013,Tyler ,2131,5622,4911,3517,2622,1647,496,71,127300,12664,6139
106,75428,2013,Victoria ,1744,3874,4210,2848,1085,691,242,0,115800,9828,3933
107,76000,2013,Waco ,3304,8057,3866,2890,1493,814,303,0,91000,15227,4383
108,79000,2013,Wichita Falls ,5208,7155,4180,1830,2663,986,0,0,89500,16543,4493
109,1,2014,United States,7252803,10984718,11238389,10866782,13431171,11936757,6510385,1770990,181200,29475910,24297953
110,1000,2014,Abilene ,3522,7176,4562,3834,2247,570,55,0,103000,15260,6081
111,1924,2014,Allen ,344,683,2512,4951,6881,6932,1032,180,233700,3539,11832
112,3000,2014,Amarillo ,5755,13388,10132,8055,5796,1934,666,81,116300,29275,13851
113,4000,2014,Arlington ,3797,17868,21116,16139,10345,2924,525,128,133500,42781,26484
114,4462,2014,"Atascocita CDP, Texas",886,1673,5204,4871,4521,962,165,169,162600,7763,9392
115,5000,2014,Austin ,7375,5933,14255,28438,40683,39944,20283,4491,255900,27563,69121
116,6128,2014,Baytown ,2479,6025,4005,1629,708,349,0,0,93600,12509,2337
117,7000,2014,Beaumont ,4892,9665,4314,4410,1535,655,347,49,90000,18871,5945
118,10768,2014,Brownsville ,6043,13882,6220,2512,2242,276,184,0,83000,26145,4754
119,10912,2014,Bryan ,1625,3497,3824,2261,1394,529,185,361,130000,8946,3655
120,13024,2014,Carrollton ,397,1965,5769,7734,7360,2438,1044,0,181800,8131,15094
121,15976,2014,College Station ,318,499,2008,4004,3637,1918,214,0,193000,2825,7641
122,16432,2014,Conroe ,1635,2236,2391,1714,1675,1529,357,0,140400,6262,3389
123,17000,2014,Corpus Christi ,7515,20698,15508,9757,7770,4003,902,424,118100,43721,17527
124,19000,2014,Dallas ,18371,55133,30211,16998,26357,30369,16201,5892,140700,103715,43355
125,19972,2014,Denton ,2650,1350,5281,5723,3809,1888,479,247,159800,9281,9532
126,22660,2014,Edinburg ,1754,3605,3090,1876,1366,124,442,0,109100,8449,3242
127,24000,2014,El Paso ,9100,37376,40625,21069,12685,7148,871,160,119200,87101,33754
128,26232,2014,"Flower Mound town, Texas",215,198,796,2858,6706,6609,1893,177,288100,1209,9564
129,27000,2014,Fort Worth ,15986,41889,38819,26825,17386,11602,4057,661,127300,96694,44211
130,27684,2014,Frisco ,732,330,635,5023,12264,13638,3045,900,294100,1697,17287
131,29000,2014,Garland ,1119,14575,18574,8096,2829,2341,353,154,119000,34268,10925
132,30464,2014,Grand Prairie ,2686,9407,9555,7576,4170,1417,487,0,125700,21648,11746
133,32372,2014,Harlingen ,4040,4823,1371,962,833,117,0,67,72000,10234,1795
134,35000,2014,Houston ,32698,92083,65256,39208,38837,44273,26287,8837,134500,190037,78045
135,37000,2014,Irving ,1855,6351,7767,4781,5262,4076,923,87,146500,15973,10043
136,39148,2014,Killeen ,1616,6963,6926,3106,2757,402,140,112,115500,15505,5863
137,41464,2014,Laredo ,5543,12255,8965,7812,3458,1973,664,0,113400,26763,11270
138,41980,2014,League City ,1471,888,3392,4694,8178,2978,274,0,204600,5751,12872
139,42508,2014,Lewisville ,1490,1355,3501,5216,4611,488,139,0,171500,6346,9827
140,43888,2014,Longview ,1805,4114,4490,3123,3030,464,392,230,132200,10409,6153
141,45000,2014,Lubbock ,6003,14626,12086,7056,4543,3507,919,53,113500,32715,11599
142,45384,2014,McAllen ,1885,7107,7117,4220,1707,1357,577,46,120800,16109,5927
143,45744,2014,McKinney ,964,838,3184,9330,13446,6611,804,405,221700,4986,22776
144,47892,2014,Mesquite ,1832,10224,9456,3789,897,43,43,0,105300,21512,4686
145,48072,2014,Midland ,2026,3588,4246,5636,5838,3942,1836,57,179300,9860,11474
146,48768,2014,Mission ,3062,4191,4065,1635,2609,527,0,0,108900,11318,4244
147,48804,2014,Missouri City ,521,2833,5430,3988,4144,956,469,0,153400,8784,8132
148,50820,2014,New Braunfels ,954,1372,2938,4446,3375,1010,322,188,173400,5264,7821
149,52356,2014,North Richland Hills ,587,2339,4275,3438,3428,1876,262,0,162200,7201,6866
150,53388,2014,Odessa ,3456,4418,4356,6136,4029,993,197,305,145800,12230,10165
151,56000,2014,Pasadena ,2560,9607,6341,3688,2856,1310,366,0,109000,18508,6544
152,56348,2014,Pearland ,1622,956,4559,9861,7301,2204,493,0,182100,7137,17162
153,57200,2014,Pharr ,3596,6573,1843,736,370,94,0,0,68800,12012,1106
154,58016,2014,Plano ,2144,2273,8591,12063,20093,15559,3510,1248,236000,13008,32156
155,61796,2014,Richardson ,370,990,4234,6809,7525,5133,910,83,206300,5594,14334
156,63500,2014,Round Rock ,506,393,5219,5115,6405,3399,316,227,193700,6118,11520
157,64472,2014,San Angelo ,3792,7777,3566,2577,1688,1084,82,0,91500,15135,4265
158,65000,2014,San Antonio ,28548,82113,53730,43473,34278,15969,5350,927,119000,164391,77751
159,70808,2014,Sugar Land ,162,124,2420,3256,7889,7607,2480,544,281300,2706,11145
160,72176,2014,Temple ,687,3334,4439,2285,1393,784,170,0,123300,8460,3678
161,72656,2014,"The Woodlands CDP, Texas",184,352,2153,2365,5224,8844,7535,527,353800,2689,7589
162,74144,2014,Tyler ,2058,4110,3168,3625,2911,1475,498,76,144500,9336,6536
163,75428,2014,Victoria ,2174,3405,3119,2515,1244,991,28,177,117700,8698,3759
164,76000,2014,Waco ,3283,7159,4221,2607,1578,947,216,86,94100,14663,4185
165,79000,2014,Wichita Falls ,4518,6186,4710,2423,1384,612,227,45,94900,15414,3807
166,1,2015,United States,74506512,5599055,10432762,11186841,11027247,14035465,12923900,7255822,2045420,90538329,22214088
167,1000,2015,Abilene ,23209,3821,5961,6758,2579,2845,869,257,119,32991,9337
168,1924,2015,Allen ,23964,111,756,2453,2942,8988,7038,1287,389,24831,5395
169,3000,2015,Amarillo ,45254,3391,13709,11660,7817,4996,2607,829,245,62354,19477
170,4000,2015,Arlington ,70223,2951,12640,21843,16230,11724,4212,623,0,85814,38073
171,4462,2015,"Atascocita CDP, Texas",19621,379,786,5405,6230,4810,1472,306,233,20786,11635
172,5000,2015,Austin ,161837,4210,4834,12170,22138,44220,42851,26585,4829,170881,34308
173,6128,2015,Baytown ,16037,2888,4943,3987,1770,1537,398,246,268,23868,5757
174,7000,2015,Beaumont ,24625,5417,7059,4352,3210,2417,1670,500,0,37101,7562
175,10768,2015,Brownsville ,32407,6541,13162,6843,3640,1407,620,194,0,52110,10483
176,10912,2015,Bryan ,13998,2363,2567,3141,2929,1914,942,142,0,18928,6070
177,13024,2015,Carrollton ,28083,458,438,6312,7656,9153,3566,459,41,28979,13968
178,13552,2015,Cedar Park ,13848,266,81,889,2330,5762,4051,469,0,14195,3219
179,15976,2015,College Station ,14569,704,505,1860,4028,4225,2314,836,97,15778,5888
180,16432,2015,Conroe ,11720,483,2449,2489,2057,1953,1986,153,150,14652,4546
181,17000,2015,Corpus Christi ,63166,6063,17092,16135,9777,8883,3550,1299,367,86321,25912
182,19000,2015,Dallas ,204854,18216,50032,33131,17645,24099,31809,21062,8860,273102,50776
183,19972,2015,Denton ,21785,1079,1960,4350,6024,6127,1715,354,176,24824,10374
184,22660,2015,Edinburg ,14235,1869,4832,3198,2564,1197,315,260,0,20936,5762
185,24000,2015,El Paso ,131608,7947,38537,43116,21829,12872,5642,1331,334,178092,64945
186,26232,2015,"Flower Mound town, Texas",20106,197,96,959,2077,6145,7936,2375,321,20399,3036
187,27000,2015,Fort Worth ,160604,14681,38180,37742,30354,23439,10699,4183,1326,213465,68096
188,27684,2015,Frisco ,39398,522,281,929,3312,11673,16356,5891,434,40201,4241
189,29000,2015,Garland ,46639,960,10852,17007,9244,5306,2736,494,40,58451,26251
190,30464,2015,Grand Prairie ,36356,2156,8322,10805,8131,4563,1654,505,220,46834,18936
191,32372,2015,Harlingen ,11435,3387,3125,2028,1779,921,113,82,0,17947,3807
192,35000,2015,Houston ,351584,22723,83076,67606,42920,42675,49492,31783,11309,457383,110526
193,37000,2015,Irving ,31561,1297,4860,10293,4573,3946,4711,1780,101,37718,14866
194,39148,2015,Killeen ,22763,1941,6065,8334,3783,1524,489,467,160,30769,12117
195,41464,2015,Laredo ,42659,3496,12102,11366,7773,4474,2781,667,0,58257,19139
196,41980,2015,League City ,29147,458,401,3886,6618,11417,5204,994,169,30006,10504
197,42508,2015,Lewisville ,15813,1819,756,4425,4179,4226,366,0,42,18388,8604
198,43888,2015,Longview ,17011,2095,4306,3570,3505,2257,1068,210,0,23412,7075
199,45000,2015,Lubbock ,45130,5340,10999,11097,8235,5216,2954,1088,201,61469,19332
200,45384,2015,McAllen ,27090,3260,7563,6813,4495,3622,989,309,39,37913,11308
201,45744,2015,McKinney ,37659,656,765,2699,6116,14473,10062,2601,287,39080,8815
202,47892,2015,Mesquite ,28991,840,9043,11278,5544,1634,341,166,145,38874,16822
203,48072,2015,Midland ,32349,1605,3725,4060,6859,8063,5991,1406,640,37679,10919
204,48768,2015,Mission ,15615,2557,5182,3755,1775,1164,749,262,171,23354,5530
205,48804,2015,Missouri City ,18722,89,946,5572,4664,4559,1974,739,179,19757,10236
206,50820,2015,New Braunfels ,15361,940,721,2748,4585,3654,1906,670,137,17022,7333
207,52356,2015,North Richland Hills ,15964,403,2210,3563,4735,2694,2153,169,37,18577,8298
208,53388,2015,Odessa ,25464,2523,4840,6788,5010,4051,1283,844,125,32827,11798
209,56000,2015,Pasadena ,25457,2339,8100,7359,3283,3308,845,181,42,35896,10642
210,56348,2015,Pearland ,25606,549,1415,2974,6796,9688,4184,0,0,27570,9770
211,57200,2015,Pharr ,13161,3985,5898,2294,481,121,270,112,0,23044,2775
212,58016,2015,Plano ,63715,455,1423,6212,10000,21321,18700,5015,589,65593,16212
213,61796,2015,Richardson ,23564,84,967,2137,5797,8386,5202,730,261,24615,7934
214,63500,2015,Round Rock ,22719,413,373,3516,6553,7360,3818,686,0,23505,10069
215,64472,2015,San Angelo ,21097,2227,5877,4524,3594,2936,1498,323,118,29201,8118
216,65000,2015,San Antonio ,256288,22971,73844,55778,42983,36773,17419,5522,998,353103,98761
217,70808,2015,Sugar Land ,23668,407,546,1675,3597,6214,7410,3326,493,24621,5272
218,72176,2015,Temple ,12697,936,2871,3487,2569,1807,644,383,0,16504,6056
219,72656,2015,"The Woodlands CDP, Texas",28692,243,519,2239,3123,5586,8159,7288,1535,29454,5362
220,74144,2015,Tyler ,19747,1354,4730,3628,3846,3237,2274,678,0,25831,7474
221,75428,2015,Victoria ,15381,1888,3495,3829,3023,2049,721,376,0,20764,6852
222,76000,2015,Waco ,23077,3367,7100,3564,4164,2688,1713,481,0,33544,7728
223,79000,2015,Wichita Falls ,20677,3466,6433,5295,2053,1977,956,375,122,30576,7348
224,1,2016,United States,75022569,5449804,9793661,10607419,10868207,14436085,13687633,7888270,2291490,90266034,21475626
225,1000,2016,Abilene ,22359,3041,7517,4042,4187,2464,645,313,150,32917,8229
226,1924,2016,Allen ,25051,247,502,1956,2995,7469,8310,3503,69,25800,4951
227,3000,2016,Amarillo ,44827,5094,11847,10748,7870,6138,1956,966,208,61768,18618
228,4000,2016,Arlington ,75088,2239,12031,20785,20919,13650,4176,1161,127,89358,41704
229,4462,2016,"Atascocita CDP, Texas",19803,363,433,4972,5680,4869,2682,804,0,20599,10652
230,5000,2016,Austin ,167132,2986,5926,10530,18623,42782,51052,29510,5723,176044,29153
231,6128,2016,Baytown ,13300,1709,4070,3737,2479,982,216,67,40,19079,6216
232,7000,2016,Beaumont ,23492,4338,6892,4584,3176,2378,1381,649,94,34722,7760
233,10768,2016,Brownsville ,32141,6905,12011,6344,3527,2658,540,105,51,51057,9871
234,10912,2016,Bryan ,14440,1749,2763,3738,3607,1447,829,236,71,18952,7345
235,13024,2016,Carrollton ,28656,359,1029,4704,7160,9184,5148,958,114,30044,11864
236,13552,2016,Cedar Park ,15536,514,94,626,2248,5159,5913,825,157,16144,2874
237,15976,2016,College Station ,13755,142,112,1274,3010,5121,3205,832,59,14009,4284
238,16432,2016,Conroe ,14973,1486,2264,2156,3670,2111,2592,556,138,18723,5826
239,17000,2016,Corpus Christi ,65987,5997,18689,13210,11923,10143,4231,1426,368,90673,25133
240,19000,2016,Dallas ,209784,17020,47755,36542,18979,24261,32359,24220,8648,274559,55521
241,19972,2016,Denton ,20338,899,1298,3252,5536,6577,2040,666,70,22535,8788
242,22660,2016,Edinburg ,15513,2764,4534,3363,2272,2089,406,85,0,22811,5635
243,24000,2016,El Paso ,130767,6009,34038,42906,23333,15970,5426,2438,647,170814,66239
244,26232,2016,"Flower Mound town, Texas",20047,273,182,385,1623,5092,9173,3023,296,20502,2008
245,27000,2016,Fort Worth ,164109,10670,37086,33598,31637,28276,16389,4773,1680,211865,65235
246,27684,2016,Frisco ,41580,624,86,425,1354,10310,18983,8964,834,42290,1779
247,29000,2016,Garland ,44403,1195,8750,16735,9216,5306,3044,78,79,54348,25951
248,29336,2016,Georgetown ,18525,185,412,758,2612,8364,5586,461,147,19122,3370
249,30464,2016,Grand Prairie ,38330,2312,7648,9314,8350,8194,2285,227,0,48290,17664
250,32372,2016,Harlingen ,11119,2413,4172,2076,1579,703,176,0,0,17704,3655
251,35000,2016,Houston ,374439,20369,86045,66160,45106,50707,58793,34543,12716,480853,111266
252,37000,2016,Irving ,32730,1574,4419,8982,6022,4642,5268,1610,213,38723,15004
253,39148,2016,Killeen ,22607,1238,6709,6838,4987,2099,513,76,147,30554,11825
254,41464,2016,Laredo ,43955,5060,12679,9875,7907,5718,1990,643,83,61694,17782
255,41980,2016,League City ,25437,132,329,2852,5578,9856,5995,695,0,25898,8430
256,42508,2016,Lewisville ,17638,1286,681,3600,4286,6480,1151,154,0,19605,7886
257,43888,2016,Longview ,15964,1372,4403,4081,2936,1989,823,328,32,21739,7017
258,45000,2016,Lubbock ,48831,5392,10032,12239,8768,7062,3786,1381,171,64255,21007
259,45384,2016,McAllen ,26862,2578,8410,6083,4921,3625,969,213,63,37850,11004
260,45744,2016,McKinney ,40760,1241,1366,1228,4124,15155,14667,2926,53,43367,5352
261,46452,2016,Mansfield ,14257,259,405,1069,2746,5109,3964,705,0,14921,3815
262,47892,2016,Mesquite ,26275,981,7400,8765,6240,2343,355,149,42,34656,15005
263,48072,2016,Midland ,27605,905,3152,4974,5103,7019,4496,1628,328,31662,10077
264,48768,2016,Mission ,14614,2547,4303,2319,1170,1930,1821,450,74,21464,3489
265,48804,2016,Missouri City ,20305,291,1898,5124,3501,6538,2441,437,75,22494,8625
266,50820,2016,New Braunfels ,16392,413,1186,1707,4457,5560,2383,607,79,17991,6164
267,52356,2016,North Richland Hills ,16143,251,1354,4354,2719,4115,3171,124,55,17748,7073
268,53388,2016,Odessa ,24544,1866,4020,7208,5486,3694,1987,148,135,30430,12694
269,56000,2016,Pasadena ,23558,1926,7426,6719,3081,2766,1240,107,293,32910,9800
270,56348,2016,Pearland ,29934,1409,1313,2273,5240,14369,5033,269,28,32656,7513
271,57200,2016,Pharr ,12250,2758,6064,2261,719,402,0,46,0,21072,2980
272,58016,2016,Plano ,65493,923,552,4205,7912,21316,23000,6658,927,66968,12117
273,61796,2016,Richardson ,24649,446,410,2209,4526,9208,7006,608,236,25505,6735
274,63500,2016,Round Rock ,21910,540,645,3278,3219,8681,4747,759,41,23095,6497
275,64472,2016,San Angelo ,21601,2613,5365,4343,4002,3727,1413,138,0,29579,8345
276,65000,2016,San Antonio ,267058,19541,73547,56798,45567,40964,22420,6345,1876,360146,102365
277,70808,2016,Sugar Land ,23207,348,42,1032,3134,5832,7413,4944,462,23597,4166
278,72176,2016,Temple ,15429,1535,3556,3942,3717,1556,996,73,54,20520,7659
279,72656,2016,"The Woodlands CDP, Texas",27307,153,512,1647,2709,6187,8523,5756,1820,27972,4356
280,74144,2016,Tyler ,18437,1351,3466,4050,2905,3131,2954,448,132,23254,6955
281,75428,2016,Victoria ,12382,1897,2425,3480,2145,1744,497,170,24,16704,5625
282,76000,2016,Waco ,22216,2226,7612,5485,2492,2477,1035,621,268,32054,7977
283,79000,2016,Wichita Falls ,20135,3277,7163,4520,1940,2173,818,167,77,30575,6460
284,1,2017,United States,76684018,5279421,9165189,10209078,10795829,15064151,14803783,8771786,2594781,91128628,21004907
285,1000,2017,Abilene ,24859,3793,6981,5551,3242,3509,1077,521,185,35633,8793
286,1924,2017,Allen ,25731,89,148,1138,1862,8158,10094,4143,99,25968,3000
287,3000,2017,Amarillo ,45721,4741,11842,9855,7098,6759,3772,967,687,62304,16953
288,4000,2017,Arlington ,73066,1955,7368,18412,21724,16460,6228,802,117,82389,40136
289,4462,2017,"Atascocita CDP, Texas",21695,174,200,3203,6570,7383,3677,431,57,22069,9773
290,5000,2017,Austin ,169291,3798,2661,8301,15653,43294,56239,31926,7419,175750,23954
291,6128,2017,Baytown ,16166,1769,3574,4525,2657,2663,725,253,0,21509,7182
292,7000,2017,Beaumont ,25889,4045,8440,4579,3190,3554,1280,683,118,38374,7769
293,10768,2017,Brownsville ,31010,4896,12645,7442,3470,1814,311,406,26,48551,10912
294,10912,2017,Bryan ,15580,2513,3774,2762,2965,2787,703,76,0,21867,5727
295,13024,2017,Carrollton ,28026,218,540,1869,6055,11893,5985,1246,220,28784,7924
296,13552,2017,Cedar Park ,15386,37,75,526,1728,5043,6527,1450,0,15498,2254
297,15976,2017,College Station ,14691,196,84,681,3533,5380,3990,674,153,14971,4214
298,16432,2017,Conroe ,16439,1029,1460,1969,4054,4014,3342,571,0,18928,6023
299,17000,2017,Corpus Christi ,65707,4916,15413,15409,13625,10293,4102,1444,505,86036,29034
300,19000,2017,Dallas ,202101,12432,38800,30286,22991,24385,37997,26622,8588,253333,53277
301,19972,2017,Denton ,23736,1464,1205,2798,4067,9003,4257,723,219,26405,6865
302,22660,2017,Edinburg ,13896,2470,3561,2859,2416,2012,362,216,0,19927,5275
303,24000,2017,El Paso ,134920,5485,35152,43344,24221,19054,5455,1953,256,175557,67565
304,26232,2017,"Flower Mound town, Texas",22757,386,122,186,736,5521,11071,4464,271,23265,922
305,27000,2017,Fort Worth ,169775,9870,30661,28643,34002,38889,20502,5973,1235,210306,62645
306,27684,2017,Frisco ,42259,495,100,580,1035,6445,21884,10839,881,42854,1615
307,29000,2017,Garland ,48622,742,5500,14205,14365,9670,3023,876,241,54864,28570
308,29336,2017,Georgetown ,18489,356,91,939,1658,8044,6109,1213,79,18936,2597
309,30464,2017,Grand Prairie ,38663,1721,6523,8321,9458,7763,4159,494,224,46907,17779
310,32372,2017,Harlingen ,10859,2325,3755,2385,1297,756,285,56,0,16939,3682
311,35000,2017,Houston ,358277,17785,69287,67340,43779,52542,57439,36716,13389,445349,111119
312,37000,2017,Irving ,31985,1987,2478,7367,5575,5087,6741,2369,381,36450,12942
313,39148,2017,Killeen ,23417,1698,5766,8077,4883,2505,364,124,0,30881,12960
314,41464,2017,Laredo ,42635,4354,9940,9741,9788,5500,2486,731,95,56929,19529
315,41980,2017,League City ,26921,471,471,2037,5216,9943,7252,1480,51,27863,7253
316,42508,2017,Lewisville ,15716,993,542,1309,3247,7272,2093,260,0,17251,4556
317,43888,2017,Longview ,16417,1853,3120,3538,3575,3275,786,270,0,21390,7113
318,45000,2017,Lubbock ,46992,5442,9039,12301,7989,7206,3830,929,256,61473,20290
319,45384,2017,McAllen ,27601,1833,6943,8148,4489,3885,1327,918,58,36377,12637
320,45744,2017,McKinney ,39616,643,983,1232,1139,13743,17744,3774,358,41242,2371
321,46452,2017,Mansfield ,17346,239,422,1165,3592,6474,4694,707,53,18007,4757
322,47892,2017,Mesquite ,27274,774,5122,9240,8956,2900,128,154,0,33170,18196
323,48072,2017,Midland ,32507,2291,2826,4331,6281,9565,4760,2251,202,37624,10612
324,48768,2017,Mission ,17700,3439,4978,3960,1884,1756,1185,348,150,26117,5844
325,48804,2017,Missouri City ,19534,235,940,5818,2950,5072,2812,1389,318,20709,8768
326,50820,2017,New Braunfels ,18847,408,984,1667,4845,7176,3049,339,379,20239,6512
327,52356,2017,North Richland Hills ,17966,417,1427,2810,4364,5189,3203,556,0,19810,7174
328,53388,2017,Odessa ,23314,1346,4116,5084,5497,5569,1507,155,40,28776,10581
329,56000,2017,Pasadena ,25534,2847,7009,5882,4458,3867,1291,134,46,35390,10340
330,56348,2017,Pearland ,31840,153,348,3948,4736,14131,7425,1099,0,32341,8684
331,57200,2017,Pharr ,13769,4558,3943,4394,656,172,46,0,0,22270,5050
332,58016,2017,Plano ,62917,808,633,2760,4957,17237,27893,7247,1382,64358,7717
333,61796,2017,Richardson ,24536,313,835,1936,3345,9037,7576,1222,272,25684,5281
334,63500,2017,Round Rock ,23860,0,0,2470,3537,8083,9165,492,113,23860,6007
335,64472,2017,San Angelo ,21372,2568,4253,4898,4641,3326,1310,262,114,28193,9539
336,65000,2017,San Antonio ,274970,17749,69508,51800,51411,50600,25873,6535,1494,362227,103211
337,70808,2017,Sugar Land ,22363,295,70,656,2303,6202,8640,3700,497,22728,2959
338,72176,2017,Temple ,14612,950,3303,4225,3758,1723,567,86,0,18865,7983
339,72656,2017,"The Woodlands CDP, Texas",31973,188,224,750,2496,7477,11780,6991,2067,32385,3246
340,74144,2017,Tyler ,20331,1527,3664,4703,3738,2406,2666,1419,208,25522,8441
341,75428,2017,Victoria ,13915,2079,2399,2770,2762,2498,1059,299,49,18393,5532
342,76000,2017,Waco ,22047,3066,6510,3981,2923,2897,2032,512,126,31623,6904
343,79000,2017,Wichita Falls ,20570,2872,7146,5252,2273,2421,483,123,0,30588,7525
344,1,2018,United States,77708394,5137750,8621352,9576933,10549229,15496144,15852636,9563467,2910883,91467496,20126162
345,1924,2018,Allen ,26221,66,834,711,1656,7791,10460,4416,287,27121,2367
346,10768,2018,Brownsville ,30899,4957,13431,6662,2831,2225,534,198,61,49287,9493
347,27000,2018,Fort Worth ,173864,8866,26064,26360,32017,48171,23652,7184,1550,208794,58377
348,29336,2018,Georgetown ,20964,245,244,557,1669,9348,7533,1368,0,21453,2226
349,48072,2018,Midland ,30093,1571,2123,3737,4959,9070,5776,2594,263,33787,8696
350,70808,2018,Sugar Land ,32629,280,348,1207,2437,9395,13958,4159,845,33257,3644
351,76000,2018,Waco ,20651,1242,5979,4047,2640,3608,1839,947,349,27872,6687
352,1000,2018,Abilene ,22492,2911,6136,5326,3371,3306,1269,115,58,31539,8697
353,17000,2018,Corpus Christi ,65603,4012,14938,15113,13217,11400,4575,2057,291,84553,28330
354,19000,2018,Dallas ,209766,12053,33437,31721,24742,27524,38672,30337,11280,255256,56463
355,26232,2018,"Flower Mound town, Texas",21794,274,127,511,386,3258,11689,4919,630,22195,897
356,41980,2018,League City ,26929,747,730,2601,3598,11272,6728,1050,203,28406,6199
357,52356,2018,North Richland Hills ,15494,314,228,1806,3427,5218,3779,614,108,16036,5233
358,53388,2018,Odessa ,25407,1422,4557,5463,4991,5458,2115,1401,0,31386,10454
359,63500,2018,Round Rock ,24097,426,32,1095,3991,8784,8242,1469,58,24555,5086
360,64472,2018,San Angelo ,22280,2877,4880,3307,4878,4235,1088,953,62,30037,8185
361,4000,2018,Arlington ,74122,1619,5791,14058,20233,23508,7606,1099,208,81532,34291
362,6128,2018,Baytown ,15637,1576,4018,4174,3275,2081,465,48,0,21231,7449
363,13552,2018,Cedar Park ,15580,273,120,50,1184,5490,6379,1746,338,15973,1234
364,15976,2018,College Station ,15424,362,0,694,2376,5685,4631,1437,239,15786,3070
365,16432,2018,Conroe ,17603,1252,2269,2144,3361,3564,3762,1178,73,21124,5505
366,19972,2018,Denton ,22845,996,536,1217,3789,9950,5445,723,189,24377,5006
367,22660,2018,Edinburg ,16240,2063,3844,3848,3522,2154,493,182,134,22147,7370
368,27684,2018,Frisco ,44896,184,170,285,661,5301,23405,13828,1062,45250,946
369,42508,2018,Lewisville ,15973,938,250,1464,2477,7663,3103,12,66,17161,3941
370,45000,2018,Lubbock ,51213,4026,10447,12016,9815,8570,4754,1432,153,65686,21831
371,57200,2018,Pharr ,12398,2776,5244,2374,1445,443,0,116,0,20418,3819
372,35000,2018,Houston ,355592,17954,62262,62868,51277,54165,55504,37931,13631,435808,114145
373,37000,2018,Irving ,26684,909,1531,4853,5999,5379,5652,2189,172,29124,10852
374,47892,2018,Mesquite ,26534,660,3929,7530,7961,5321,945,145,43,31123,15491
375,48768,2018,Mission ,16784,2571,5460,3514,2639,1641,634,325,0,24815,6153
376,75428,2018,Victoria ,14644,1272,2928,3786,3282,2262,1031,83,0,18844,7068
377,4462,2018,"Atascocita CDP, Texas",20140,283,202,2192,6619,7982,2605,257,0,20625,8811
378,5000,2018,Austin ,175016,3698,2505,4814,10443,40882,63248,40612,8814,181219,15257
379,10912,2018,Bryan ,13358,1442,2523,1981,2944,2928,1062,327,151,17323,4925
380,39148,2018,Killeen ,22549,788,6035,7151,4366,3236,666,276,31,29372,11517
381,50820,2018,New Braunfels ,18945,973,697,1374,2863,7995,4491,552,0,20615,4237
382,74144,2018,Tyler ,17806,871,2570,3468,4024,3157,2664,763,289,21247,7492
383,79000,2018,Wichita Falls ,20399,3234,7384,3753,2723,2627,458,220,0,31017,6476
384,32372,2018,Harlingen ,12930,3190,4603,2699,1651,374,336,0,77,20723,4350
385,61796,2018,Richardson ,24637,200,74,699,1712,8254,11418,1753,527,24911,2411
386,3000,2018,Amarillo ,45691,4992,10444,9930,8939,7384,2919,970,113,61127,18869
387,13024,2018,Carrollton ,28742,565,314,1199,4476,10914,9439,1648,187,29621,5675
388,29000,2018,Garland ,47367,744,3435,10508,14878,12799,4328,496,179,51546,25386
389,41464,2018,Laredo ,42499,3521,10954,11409,7469,5916,2307,923,0,56974,18878
390,43888,2018,Longview ,15549,2019,2664,3426,3594,2418,1190,238,0,20232,7020
391,45744,2018,McKinney ,42687,968,332,1208,1838,12992,20621,4373,355,43987,3046
392,46452,2018,Mansfield ,17831,576,244,1095,2706,6027,6466,585,132,18651,3801
393,48804,2018,Missouri City ,18906,381,755,2633,3965,5965,4167,816,224,20042,6598
394,72176,2018,Temple ,16386,925,2864,4156,4278,3233,671,129,130,20175,8434
395,7000,2018,Beaumont ,24233,3645,6731,4378,3982,2682,2077,604,134,34609,8360
396,24000,2018,El Paso ,132531,6848,33022,40404,27235,16578,6344,1895,205,172401,67639
397,30464,2018,Grand Prairie ,37047,1396,5230,6219,9933,9105,4340,524,300,43673,16152
398,45384,2018,McAllen ,26684,2500,5833,8127,5515,2954,1234,181,340,35017,13642
399,56000,2018,Pasadena ,24832,2270,4397,8357,3837,3351,2064,341,215,31499,12194
400,56348,2018,Pearland ,29789,878,1012,1632,4821,12159,8487,800,0,31679,6453
401,58016,2018,Plano ,59404,793,491,886,4172,16317,26966,8812,967,60688,5058
402,63572,2018,Rowlett ,18171,124,257,1519,2615,8667,4664,228,97,18552,4134
403,65000,2018,San Antonio ,270407,16903,60326,51544,50484,50593,31450,7648,1459,347636,102028
404,72656,2018,"The Woodlands CDP, Texas",29403,607,0,552,1787,5507,11111,7495,2344,30010,2339
405,1,2019,United States,77708394,5137750,8621352,9576933,10549229,15496144,15852636,9563467,2910883,91467496,20126162
